FractureHeight[m],Time[s],Velocity[m/s]
4.0876,0.5239,2.0937
5.2808,1.0049,1.1874
6.6078,1.6121,0.82313
7.6649,2.2683,0.46602
9.2696,3.1918,0.50279
11.005,4.4912,0.38639
12.766,6.3195,0.2786
14.865,8.8921,0.23612
17.213,12.512,0.18762
19.743,23.843,0.10613
22.549,110.92,0.025292
25.584,852.99,0.0035581
